request_id,amount_safe_to_pay,affordability_status,recommended_payment_method,payment_plan,earliest_date_for_full_payment,spending_changes_needed,decision_explanation
request_26,15656000.0,affordable_now,full_payment,2025-08-03:15656000.00,2025-08-03,none,Requested amount: 15656000.00. Safe amount available now: 15656000.00. The full requested amount is affordable now while maintaining the required financial safety buffer. Recommended payment method: full_payment. Earliest full-payment date: 2025-08-03.
request_27,6670.0,affordable_now,full_payment,2026-07-05:6670.00,2026-07-05,none,Requested amount: 6670.00. Safe amount available now: 6670.00. The full requested amount is affordable now while maintaining the required financial safety buffer. Recommended payment method: full_payment. Earliest full-payment date: 2026-07-05.
request_28,427.57,affordable_with_plan,full_payment,2024-06-07:1302.40,2024-07-15,none,"Requested amount: 1302.40. Safe amount available now: 427.57. The full amount is not safely payable immediately, but a payment plan can complete the purchase. Recommended payment method: full_payment. Earliest full-payment date: 2024-07-15."
request_29,33887.19,affordable_with_plan,full_payment,2025-11-04:51524.00,,none,"Requested amount: 51524.00. Safe amount available now: 33887.19. The full amount is not safely payable immediately, but a payment plan can complete the purchase. Recommended payment method: full_payment."
request_30,775.2,affordable_now,installments,2026-04-06:268.74|2026-05-06:268.74|2026-06-05:237.72,2026-04-06,none,Requested amount: 775.20. Safe amount available now: 775.20. The full requested amount is affordable now while maintaining the required financial safety buffer. Recommended payment method: installments. Earliest full-payment date: 2026-04-06.
request_31,6018176.06,affordable_with_plan,full_payment,2024-09-03:18164000.00,2024-09-15,none,"Requested amount: 18164000.00. Safe amount available now: 6018176.06. The full amount is not safely payable immediately, but a payment plan can complete the purchase. Recommended payment method: full_payment. Earliest full-payment date: 2024-09-15."
request_32,0.0,affordable_with_plan,full_payment,2025-02-05:40018.00,,none,"Requested amount: 40018.00. Safe amount available now: 0.00. The full amount is not safely payable immediately, but a payment plan can complete the purchase. Recommended payment method: full_payment."
request_33,45997.81,affordable_with_plan,full_payment,2026-01-07:118000.00,2026-01-15,none,"Requested amount: 118000.00. Safe amount available now: 45997.81. The full amount is not safely payable immediately, but a payment plan can complete the purchase. Recommended payment method: full_payment. Earliest full-payment date: 2026-01-15."
request_34,129400.0,affordable_now,full_payment,2024-12-04:129400.00,2024-12-04,none,Requested amount: 129400.00. Safe amount available now: 129400.00. The full requested amount is affordable now while maintaining the required financial safety buffer. Recommended payment method: full_payment. Earliest full-payment date: 2024-12-04.
request_35,57023.79,affordable_with_plan,full_payment,2025-10-30:212000.00,2025-12-15,none,"Requested amount: 212000.00. Safe amount available now: 57023.79. The full amount is not safely payable immediately, but a payment plan can complete the purchase. Recommended payment method: full_payment. Earliest full-payment date: 2025-12-15."
request_36,928.78,affordable_with_plan,full_payment,2026-07-03:3954.00,2026-08-15,none,"Requested amount: 3954.00. Safe amount available now: 928.78. The full amount is not safely payable immediately, but a payment plan can complete the purchase. Recommended payment method: full_payment. Earliest full-payment date: 2026-08-15."
request_37,6805872.9,affordable_with_plan,full_payment,2024-03-05:14649000.00,2024-03-15,none,"Requested amount: 14649000.00. Safe amount available now: 6805872.90. The full amount is not safely payable immediately, but a payment plan can complete the purchase. Recommended payment method: full_payment. Earliest full-payment date: 2024-03-15."
request_38,222.51,affordable_with_plan,full_payment,2025-08-07:971.30,2025-09-15,none,"Requested amount: 971.30. Safe amount available now: 222.51. The full amount is not safely payable immediately, but a payment plan can complete the purchase. Recommended payment method: full_payment. Earliest full-payment date: 2025-09-15."
request_39,0.0,affordable_with_plan,full_payment,2026-04-04:208600.00,,none,"Requested amount: 208600.00. Safe amount available now: 0.00. The full amount is not safely payable immediately, but a payment plan can complete the purchase. Recommended payment method: full_payment."
request_40,0.0,affordable_with_plan,full_payment,2024-06-06:1290.30,,none,"Requested amount: 1290.30. Safe amount available now: 0.00. The full amount is not safely payable immediately, but a payment plan can complete the purchase. Recommended payment method: full_payment."
request_41,0.0,affordable_with_plan,full_payment,2025-11-03:38760000.00,,none,"Requested amount: 38760000.00. Safe amount available now: 0.00. The full amount is not safely payable immediately, but a payment plan can complete the purchase. Recommended payment method: full_payment."
request_42,52100.0,affordable_now,full_payment,2026-01-05:52100.00,2026-01-05,none,Requested amount: 52100.00. Safe amount available now: 52100.00. The full requested amount is affordable now while maintaining the required financial safety buffer. Recommended payment method: full_payment. Earliest full-payment date: 2026-01-05.
request_43,11084228.11,affordable_with_plan,full_payment,2024-09-07:43339000.00,2024-10-15,none,"Requested amount: 43339000.00. Safe amount available now: 11084228.11. The full amount is not safely payable immediately, but a payment plan can complete the purchase. Recommended payment method: full_payment. Earliest full-payment date: 2024-10-15."
request_44,0.0,affordable_with_plan,full_payment,2025-02-04:95800.00,,none,"Requested amount: 95800.00. Safe amount available now: 0.00. The full amount is not safely payable immediately, but a payment plan can complete the purchase. Recommended payment method: full_payment."
request_45,5220864.32,affordable_with_plan,full_payment,2026-07-06:21983000.00,2026-09-15,none,"Requested amount: 21983000.00. Safe amount available now: 5220864.32. The full amount is not safely payable immediately, but a payment plan can complete the purchase. Recommended payment method: full_payment. Earliest full-payment date: 2026-09-15."
request_46,49450.0,affordable_now,installments,2024-12-03:25714.00|2024-12-31:23736.00,2024-12-03,none,Requested amount: 49450.00. Safe amount available now: 49450.00. The full requested amount is affordable now while maintaining the required financial safety buffer. Recommended payment method: installments. Earliest full-payment date: 2024-12-03.
request_47,38114000.0,affordable_now,full_payment,2025-05-05:38114000.00,2025-05-05,none,Requested amount: 38114000.00. Safe amount available now: 38114000.00. The full requested amount is affordable now while maintaining the required financial safety buffer. Recommended payment method: full_payment. Earliest full-payment date: 2025-05-05.
request_48,0.0,affordable_with_plan,full_payment,2026-07-25:45700.00,,none,"Requested amount: 45700.00. Safe amount available now: 0.00. The full amount is not safely payable immediately, but a payment plan can complete the purchase. Recommended payment method: full_payment."
request_49,16089545.01,affordable_with_plan,installments,2024-03-18:11902106.67|2024-04-18:11902106.67|2024-05-19:10528786.66,2024-03-15,none,"Requested amount: 34333000.00. Safe amount available now: 16089545.01. The full amount is not safely payable immediately, but a payment plan can complete the purchase. Recommended payment method: installments. Earliest full-payment date: 2024-03-15."
request_50,43900.0,affordable_now,full_payment,2025-08-06:43900.00,2025-08-06,none,Requested amount: 43900.00. Safe amount available now: 43900.00. The full requested amount is affordable now while maintaining the required financial safety buffer. Recommended payment method: full_payment. Earliest full-payment date: 2025-08-06.
request_51,2191000.0,affordable_now,full_payment,2026-01-03:2191000.00,2026-01-03,none,Requested amount: 2191000.00. Safe amount available now: 2191000.00. The full requested amount is affordable now while maintaining the required financial safety buffer. Recommended payment method: full_payment. Earliest full-payment date: 2026-01-03.
request_52,21965.96,affordable_with_plan,full_payment,2024-06-05:28870.00,2024-06-15,none,"Requested amount: 28870.00. Safe amount available now: 21965.96. The full amount is not safely payable immediately, but a payment plan can complete the purchase. Recommended payment method: full_payment. Earliest full-payment date: 2024-06-15."
request_53,714.42,affordable_with_plan,installments,2025-11-21:589.06|2025-12-19:589.06|2026-01-16:521.08,2025-11-15,none,"Requested amount: 1699.20. Safe amount available now: 714.42. The full amount is not safely payable immediately, but a payment plan can complete the purchase. Recommended payment method: installments. Earliest full-payment date: 2025-11-15."
request_54,6584.77,affordable_with_plan,installments,2026-07-07:7696.77|2026-08-07:7696.77|2026-09-07:7696.77|2026-10-08:7696.77|2026-11-08:7696.77|2026-12-09:7696.77|2027-01-09:7696.77|2027-02-09:7696.77|2027-03-12:7696.77|2027-04-12:7696.77|2027-05-13:7696.77|2027-06-13:7696.77|2027-07-14:7696.77|2027-08-14:7696.77|2027-09-14:7696.77|2027-10-15:7696.77|2027-11-15:7696.77|2027-12-16:-9317.09,,none,"Requested amount: 121528.00. Safe amount available now: 6584.77. The full amount is not safely payable immediately, but a payment plan can complete the purchase. Recommended payment method: installments."
request_55,148197.65,affordable_with_plan,installments,2026-06-11:75781.33|2026-07-12:75781.33|2026-08-12:67037.34,2026-06-15,none,"Requested amount: 218600.00. Safe amount available now: 148197.65. The full amount is not safely payable immediately, but a payment plan can complete the purchase. Recommended payment method: installments. Earliest full-payment date: 2026-06-15."
request_56,775.37,affordable_with_plan,installments,2025-02-03:458.42|2025-03-03:423.14,2025-02-15,none,"Requested amount: 881.56. Safe amount available now: 775.37. The full amount is not safely payable immediately, but a payment plan can complete the purchase. Recommended payment method: installments. Earliest full-payment date: 2025-02-15."
request_57,15096.65,affordable_with_plan,full_payment,2026-04-05:61446.00,2026-05-15,none,"Requested amount: 61446.00. Safe amount available now: 15096.65. The full amount is not safely payable immediately, but a payment plan can complete the purchase. Recommended payment method: full_payment. Earliest full-payment date: 2026-05-15."
request_58,16226000.0,affordable_now,full_payment,2024-12-07:16226000.00,2024-12-07,none,Requested amount: 16226000.00. Safe amount available now: 16226000.00. The full requested amount is affordable now while maintaining the required financial safety buffer. Recommended payment method: full_payment. Earliest full-payment date: 2024-12-07.
request_59,140600.0,affordable_now,installments,2025-05-07:48741.33|2025-06-04:48741.33|2025-07-02:43117.34,2025-05-04,none,Requested amount: 140600.00. Safe amount available now: 140600.00. The full requested amount is affordable now while maintaining the required financial safety buffer. Recommended payment method: installments. Earliest full-payment date: 2025-05-04.
request_60,186.61,affordable_with_plan,full_payment,2026-01-06:199.89,2026-01-15,none,"Requested amount: 199.89. Safe amount available now: 186.61. The full amount is not safely payable immediately, but a payment plan can complete the purchase. Recommended payment method: full_payment. Earliest full-payment date: 2026-01-15."
request_61,29062.0,affordable_now,installments,2024-03-17:10074.83|2024-04-17:10074.83|2024-05-18:8912.34,2024-03-03,none,Requested amount: 29062.00. Safe amount available now: 29062.00. The full requested amount is affordable now while maintaining the required financial safety buffer. Recommended payment method: installments. Earliest full-payment date: 2024-03-03.
request_62,404.23,affordable_now,full_payment,2025-08-05:404.23,2025-08-05,none,Requested amount: 404.23. Safe amount available now: 404.23. The full requested amount is affordable now while maintaining the required financial safety buffer. Recommended payment method: full_payment. Earliest full-payment date: 2025-08-05.
request_63,0.0,not_affordable,not_recommended,none,,none,Requested amount: 343900.00. Safe amount available now: 0.00. The request cannot be safely completed within the available financial forecast.
request_64,0.0,affordable_with_plan,installments,2024-06-11:22082.67|2024-07-12:22082.67|2024-08-12:19534.66,,none,"Requested amount: 63700.00. Safe amount available now: 0.00. The full amount is not safely payable immediately, but a payment plan can complete the purchase. Recommended payment method: installments."
request_65,7281.48,not_affordable,not_recommended,none,,none,Requested amount: 54340.00. Safe amount available now: 7281.48. The request cannot be safely completed within the available financial forecast.
request_66,22200.0,affordable_now,full_payment,2026-04-03:22200.00,2026-04-03,none,Requested amount: 22200.00. Safe amount available now: 22200.00. The full requested amount is affordable now while maintaining the required financial safety buffer. Recommended payment method: full_payment. Earliest full-payment date: 2026-04-03.
request_67,607.16,affordable_with_plan,full_payment,2024-09-05:2094.00,2024-09-15,none,"Requested amount: 2094.00. Safe amount available now: 607.16. The full amount is not safely payable immediately, but a payment plan can complete the purchase. Recommended payment method: full_payment. Earliest full-payment date: 2024-09-15."
request_68,1624.72,affordable_with_plan,installments,2025-02-14:725.09|2025-03-14:725.09|2025-04-11:641.42,2025-02-23,none,"Requested amount: 2091.60. Safe amount available now: 1624.72. The full amount is not safely payable immediately, but a payment plan can complete the purchase. Recommended payment method: installments. Earliest full-payment date: 2025-02-23."
request_69,529.1,affordable_now,full_payment,2026-01-04:529.10,2026-01-04,none,Requested amount: 529.10. Safe amount available now: 529.10. The full requested amount is affordable now while maintaining the required financial safety buffer. Recommended payment method: full_payment. Earliest full-payment date: 2026-01-04.
request_70,60782.72,affordable_with_plan,full_payment,2024-12-06:243900.00,2025-01-15,none,"Requested amount: 243900.00. Safe amount available now: 60782.72. The full amount is not safely payable immediately, but a payment plan can complete the purchase. Recommended payment method: full_payment. Earliest full-payment date: 2025-01-15."
request_71,0.0,affordable_with_plan,full_payment,2025-05-03:21451000.00,,none,"Requested amount: 21451000.00. Safe amount available now: 0.00. The full amount is not safely payable immediately, but a payment plan can complete the purchase. Recommended payment method: full_payment."
request_72,0.0,affordable_with_plan,full_payment,2026-07-05:11330.00,,none,"Requested amount: 11330.00. Safe amount available now: 0.00. The full amount is not safely payable immediately, but a payment plan can complete the purchase. Recommended payment method: full_payment."
request_73,71400.0,affordable_now,full_payment,2023-01-20:71400.00,2023-01-20,none,Requested amount: 71400.00. Safe amount available now: 71400.00. The full requested amount is affordable now while maintaining the required financial safety buffer. Recommended payment method: full_payment. Earliest full-payment date: 2023-01-20.
request_74,5010.0,affordable_now,full_payment,2025-08-04:5010.00,2025-08-04,none,Requested amount: 5010.00. Safe amount available now: 5010.00. The full requested amount is affordable now while maintaining the required financial safety buffer. Recommended payment method: full_payment. Earliest full-payment date: 2025-08-04.
request_75,28270.0,affordable_now,installments,2026-04-09:9800.27|2026-05-09:9800.27|2026-06-08:8669.46,2026-04-06,none,Requested amount: 28270.00. Safe amount available now: 28270.00. The full requested amount is affordable now while maintaining the required financial safety buffer. Recommended payment method: installments. Earliest full-payment date: 2026-04-06.
request_76,1105.47,not_affordable,not_recommended,none,,none,Requested amount: 4455.60. Safe amount available now: 1105.47. The request cannot be safely completed within the available financial forecast.
request_77,60700.0,affordable_now,full_payment,2025-11-05:60700.00,2025-11-05,none,Requested amount: 60700.00. Safe amount available now: 60700.00. The full requested amount is affordable now while maintaining the required financial safety buffer. Recommended payment method: full_payment. Earliest full-payment date: 2025-11-05.
request_78,50200.0,affordable_now,full_payment,2025-10-02:50200.00,2025-10-02,none,Requested amount: 50200.00. Safe amount available now: 50200.00. The full requested amount is affordable now while maintaining the required financial safety buffer. Recommended payment method: full_payment. Earliest full-payment date: 2025-10-02.
request_79,482.74,not_affordable,not_recommended,none,2024-11-15,none,Requested amount: 2151.60. Safe amount available now: 482.74. The request cannot be safely completed within the available financial forecast. Earliest full-payment date: 2024-11-15.
request_80,132120.0,affordable_with_plan,installments,2025-02-20:15950.00|2025-03-22:15950.00|2025-04-21:15950.00|2025-05-21:15950.00|2025-06-20:15950.00|2025-07-20:15950.00|2025-08-19:15950.00|2025-09-18:15950.00|2025-10-18:15950.00|2025-11-17:15950.00|2025-12-17:15950.00|2026-01-16:15950.00|2026-02-15:15950.00|2026-03-17:15950.00|2026-04-16:-5800.00,,none,"Requested amount: 217500.00. Safe amount available now: 132120.00. The full amount is not safely payable immediately, but a payment plan can complete the purchase. Recommended payment method: installments."
request_81,2076.0,affordable_now,full_payment,2026-07-03:2076.00,2026-07-03,none,Requested amount: 2076.00. Safe amount available now: 2076.00. The full requested amount is affordable now while maintaining the required financial safety buffer. Recommended payment method: full_payment. Earliest full-payment date: 2026-07-03.
request_82,634.32,affordable_with_plan,full_payment,2024-12-05:1405.20,2025-01-15,none,"Requested amount: 1405.20. Safe amount available now: 634.32. The full amount is not safely payable immediately, but a payment plan can complete the purchase. Recommended payment method: full_payment. Earliest full-payment date: 2025-01-15."
request_83,0.0,affordable_with_plan,installments,2025-05-14:11454.67|2025-06-13:11454.67|2025-07-13:11454.67|2025-08-12:11454.67|2025-09-11:11454.67|2025-10-11:11454.67|2025-11-10:11454.67|2025-12-10:11454.67|2026-01-09:11454.67|2026-02-08:11454.67|2026-03-10:11454.67|2026-04-09:11454.67|2026-05-09:11454.67|2026-06-08:11454.67|2026-07-08:-4165.38,,none,"Requested amount: 156200.00. Safe amount available now: 0.00. The full amount is not safely payable immediately, but a payment plan can complete the purchase. Recommended payment method: installments."
request_84,0.0,affordable_with_plan,full_payment,2026-04-04:95400.00,,none,"Requested amount: 95400.00. Safe amount available now: 0.00. The full amount is not safely payable immediately, but a payment plan can complete the purchase. Recommended payment method: full_payment."
request_85,1288101.14,affordable_with_plan,installments,2024-03-06:1084700.95|2024-04-03:1084700.95|2024-05-01:1084700.95|2024-05-29:1084700.95|2024-06-26:1084700.95|2024-07-24:1084700.95|2024-08-21:1084700.95|2024-09-18:1084700.95|2024-10-16:1084700.95|2024-11-13:1084700.95|2024-12-11:1084700.95|2025-01-08:1084700.95|2025-02-05:1084700.95|2025-03-05:1084700.95|2025-04-02:1084700.95|2025-04-30:1084700.95|2025-05-28:1084700.95|2025-06-25:1084700.95|2025-07-23:1084700.95|2025-08-20:1084700.95|2025-09-17:-2390019.00,2024-05-15,none,"Requested amount: 19304000.00. Safe amount available now: 1288101.14. The full amount is not safely payable immediately, but a payment plan can complete the purchase. Recommended payment method: installments. Earliest full-payment date: 2024-05-15."
request_86,46300.0,affordable_now,full_payment,2025-08-03:46300.00,2025-08-03,none,Requested amount: 46300.00. Safe amount available now: 46300.00. The full requested amount is affordable now while maintaining the required financial safety buffer. Recommended payment method: full_payment. Earliest full-payment date: 2025-08-03.
request_87,0.0,affordable_with_plan,full_payment,2026-01-05:487900.00,,none,"Requested amount: 487900.00. Safe amount available now: 0.00. The full amount is not safely payable immediately, but a payment plan can complete the purchase. Recommended payment method: full_payment."
request_88,11959.79,affordable_with_plan,installments,2024-06-14:9045.23|2024-07-15:9045.23|2024-08-15:8001.54,2024-06-15,none,"Requested amount: 26092.00. Safe amount available now: 11959.79. The full amount is not safely payable immediately, but a payment plan can complete the purchase. Recommended payment method: installments. Earliest full-payment date: 2024-06-15."
request_89,10150484.16,affordable_with_plan,installments,2025-11-18:4768746.67|2025-12-16:4768746.67|2026-01-13:4218506.66,2025-11-15,none,"Requested amount: 13756000.00. Safe amount available now: 10150484.16. The full amount is not safely payable immediately, but a payment plan can complete the purchase. Recommended payment method: installments. Earliest full-payment date: 2025-11-15."
request_90,2560.0,affordable_now,full_payment,2026-07-06:2560.00,2026-07-06,none,Requested amount: 2560.00. Safe amount available now: 2560.00. The full requested amount is affordable now while maintaining the required financial safety buffer. Recommended payment method: full_payment. Earliest full-payment date: 2026-07-06.
request_91,903.08,affordable_with_plan,full_payment,2024-09-03:1927.20,2024-09-15,none,"Requested amount: 1927.20. Safe amount available now: 903.08. The full amount is not safely payable immediately, but a payment plan can complete the purchase. Recommended payment method: full_payment. Earliest full-payment date: 2024-09-15."
request_92,34034.0,affordable_now,full_payment,2025-02-05:34034.00,2025-02-05,none,Requested amount: 34034.00. Safe amount available now: 34034.00. The full requested amount is affordable now while maintaining the required financial safety buffer. Recommended payment method: full_payment. Earliest full-payment date: 2025-02-05.
request_93,1729.2,affordable_now,full_payment,2026-04-07:1729.20,2026-04-07,none,Requested amount: 1729.20. Safe amount available now: 1729.20. The full requested amount is affordable now while maintaining the required financial safety buffer. Recommended payment method: full_payment. Earliest full-payment date: 2026-04-07.
request_94,544.71,affordable_with_plan,full_payment,2024-12-04:572.00,,none,"Requested amount: 572.00. Safe amount available now: 544.71. The full amount is not safely payable immediately, but a payment plan can complete the purchase. Recommended payment method: full_payment."
request_95,37484.97,not_affordable,not_recommended,none,,none,Requested amount: 553000.00. Safe amount available now: 37484.97. The request cannot be safely completed within the available financial forecast.
request_96,0.0,affordable_with_plan,installments,2026-01-10:31269.33|2026-02-09:31269.33|2026-03-11:27661.34,,none,"Requested amount: 90200.00. Safe amount available now: 0.00. The full amount is not safely payable immediately, but a payment plan can complete the purchase. Recommended payment method: installments."
request_97,3037.52,affordable_with_plan,installments,2024-03-19:8145.28|2024-04-19:8145.28|2024-05-20:7205.44,2024-04-15,none,"Requested amount: 23496.00. Safe amount available now: 3037.52. The full amount is not safely payable immediately, but a payment plan can complete the purchase. Recommended payment method: installments. Earliest full-payment date: 2024-04-15."
request_98,0.0,affordable_with_plan,full_payment,2025-08-07:27148.00,,none,"Requested amount: 27148.00. Safe amount available now: 0.00. The full amount is not safely payable immediately, but a payment plan can complete the purchase. Recommended payment method: full_payment."
request_99,18062.0,affordable_now,full_payment,2026-07-04:18062.00,2026-07-04,none,Requested amount: 18062.00. Safe amount available now: 18062.00. The full requested amount is affordable now while maintaining the required financial safety buffer. Recommended payment method: full_payment. Earliest full-payment date: 2026-07-04.
request_100,30603.23,affordable_with_plan,installments,2024-06-13:12866.19|2024-07-14:12866.19|2024-08-14:11381.62,2024-06-15,none,"Requested amount: 37114.00. Safe amount available now: 30603.23. The full amount is not safely payable immediately, but a payment plan can complete the purchase. Recommended payment method: installments. Earliest full-payment date: 2024-06-15."
request_101,143500.0,affordable_now,full_payment,2025-11-03:143500.00,2025-11-03,none,Requested amount: 143500.00. Safe amount available now: 143500.00. The full requested amount is affordable now while maintaining the required financial safety buffer. Recommended payment method: full_payment. Earliest full-payment date: 2025-11-03.
request_102,1716.0,affordable_now,installments,2026-04-05:594.88|2026-05-05:594.88|2026-06-04:526.24,2026-04-05,none,Requested amount: 1716.00. Safe amount available now: 1716.00. The full requested amount is affordable now while maintaining the required financial safety buffer. Recommended payment method: installments. Earliest full-payment date: 2026-04-05.
request_103,30028.92,affordable_with_plan,full_payment,2024-09-07:368300.00,2024-11-15,none,"Requested amount: 368300.00. Safe amount available now: 30028.92. The full amount is not safely payable immediately, but a payment plan can complete the purchase. Recommended payment method: full_payment. Earliest full-payment date: 2024-11-15."
request_104,17204.0,affordable_now,full_payment,2025-02-04:17204.00,2025-02-04,none,Requested amount: 17204.00. Safe amount available now: 17204.00. The full requested amount is affordable now while maintaining the required financial safety buffer. Recommended payment method: full_payment. Earliest full-payment date: 2025-02-04.
request_105,53500.0,affordable_now,full_payment,2026-06-08:53500.00,2026-06-08,none,Requested amount: 53500.00. Safe amount available now: 53500.00. The full requested amount is affordable now while maintaining the required financial safety buffer. Recommended payment method: full_payment. Earliest full-payment date: 2026-06-08.
request_106,543.78,affordable_with_plan,full_payment,2024-12-03:2207.70,2025-01-15,none,"Requested amount: 2207.70. Safe amount available now: 543.78. The full amount is not safely payable immediately, but a payment plan can complete the purchase. Recommended payment method: full_payment. Earliest full-payment date: 2025-01-15."
request_107,0.0,affordable_with_plan,installments,2025-05-08:878.59|2025-06-05:878.59|2025-07-03:777.22,,none,"Requested amount: 2534.40. Safe amount available now: 0.00. The full amount is not safely payable immediately, but a payment plan can complete the purchase. Recommended payment method: installments."
request_108,4794.11,affordable_with_plan,full_payment,2026-07-07:55308.00,2026-09-15,none,"Requested amount: 55308.00. Safe amount available now: 4794.11. The full amount is not safely payable immediately, but a payment plan can complete the purchase. Recommended payment method: full_payment. Earliest full-payment date: 2026-09-15."
request_109,804.07,affordable_with_plan,installments,2024-03-18:645.98|2024-04-18:645.98|2024-05-19:571.44,2024-03-15,none,"Requested amount: 1863.40. Safe amount available now: 804.07. The full amount is not safely payable immediately, but a payment plan can complete the purchase. Recommended payment method: installments. Earliest full-payment date: 2024-03-15."
request_110,22352.0,affordable_now,installments,2025-08-06:7748.69|2025-09-03:7748.69|2025-10-01:6854.62,2025-08-06,none,Requested amount: 22352.00. Safe amount available now: 22352.00. The full requested amount is affordable now while maintaining the required financial safety buffer. Recommended payment method: installments. Earliest full-payment date: 2025-08-06.
request_111,16625000.0,affordable_now,full_payment,2026-04-03:16625000.00,2026-04-03,none,Requested amount: 16625000.00. Safe amount available now: 16625000.00. The full requested amount is affordable now while maintaining the required financial safety buffer. Recommended payment method: full_payment. Earliest full-payment date: 2026-04-03.
request_112,0.0,affordable_with_plan,full_payment,2024-06-05:271.70,,none,"Requested amount: 271.70. Safe amount available now: 0.00. The full amount is not safely payable immediately, but a payment plan can complete the purchase. Recommended payment method: full_payment."
request_113,0.0,affordable_with_plan,full_payment,2026-09-04:36500.00,,none,"Requested amount: 36500.00. Safe amount available now: 0.00. The full amount is not safely payable immediately, but a payment plan can complete the purchase. Recommended payment method: full_payment."
request_114,65300.0,affordable_now,full_payment,2026-01-04:65300.00,2026-01-04,none,Requested amount: 65300.00. Safe amount available now: 65300.00. The full requested amount is affordable now while maintaining the required financial safety buffer. Recommended payment method: full_payment. Earliest full-payment date: 2026-01-04.
request_115,16712.71,affordable_with_plan,full_payment,2024-09-06:80500.00,2024-10-15,none,"Requested amount: 80500.00. Safe amount available now: 16712.71. The full amount is not safely payable immediately, but a payment plan can complete the purchase. Recommended payment method: full_payment. Earliest full-payment date: 2024-10-15."
request_116,27320.7,affordable_with_plan,installments,2025-02-17:17688.00|2025-03-19:17688.00|2025-04-18:17688.00|2025-05-18:17688.00|2025-06-17:17688.00|2025-07-17:17688.00|2025-08-16:17688.00|2025-09-15:17688.00|2025-10-15:17688.00|2025-11-14:17688.00|2025-12-14:17688.00|2026-01-13:17688.00|2026-02-12:17688.00|2026-03-14:17688.00|2026-04-13:-6432.00,,none,"Requested amount: 241200.00. Safe amount available now: 27320.70. The full amount is not safely payable immediately, but a payment plan can complete the purchase. Recommended payment method: installments."
request_117,880.0,affordable_now,full_payment,2026-07-05:880.00,2026-07-05,none,Requested amount: 880.00. Safe amount available now: 880.00. The full requested amount is affordable now while maintaining the required financial safety buffer. Recommended payment method: full_payment. Earliest full-payment date: 2026-07-05.
request_118,703.05,affordable_with_plan,installments,2024-12-07:255.87|2025-01-07:255.87|2025-02-07:226.36,2024-12-15,none,"Requested amount: 738.10. Safe amount available now: 703.05. The full amount is not safely payable immediately, but a payment plan can complete the purchase. Recommended payment method: installments. Earliest full-payment date: 2024-12-15."
request_119,0.0,affordable_with_plan,installments,2025-05-18:70546.67|2025-06-15:70546.67|2025-07-13:62406.66,,none,"Requested amount: 203500.00. Safe amount available now: 0.00. The full amount is not safely payable immediately, but a payment plan can complete the purchase. Recommended payment method: installments."
request_120,7714000.0,affordable_now,full_payment,2026-04-06:7714000.00,2026-04-06,none,Requested amount: 7714000.00. Safe amount available now: 7714000.00. The full requested amount is affordable now while maintaining the required financial safety buffer. Recommended payment method: full_payment. Earliest full-payment date: 2026-04-06.
request_121,633.6,affordable_now,full_payment,2024-03-03:633.60,2024-03-03,none,Requested amount: 633.60. Safe amount available now: 633.60. The full requested amount is affordable now while maintaining the required financial safety buffer. Recommended payment method: full_payment. Earliest full-payment date: 2024-03-03.
request_122,20558000.0,affordable_now,installments,2025-08-05:7126773.33|2025-09-02:7126773.33|2025-09-30:6304453.34,2025-08-05,none,Requested amount: 20558000.00. Safe amount available now: 20558000.00. The full requested amount is affordable now while maintaining the required financial safety buffer. Recommended payment method: installments. Earliest full-payment date: 2025-08-05.
request_123,4076000.0,affordable_now,full_payment,2026-01-07:4076000.00,2026-01-07,none,Requested amount: 4076000.00. Safe amount available now: 4076000.00. The full requested amount is affordable now while maintaining the required financial safety buffer. Recommended payment method: full_payment. Earliest full-payment date: 2026-01-07.
request_124,1552.43,affordable_with_plan,installments,2024-06-11:1076.12|2024-07-12:1076.12|2024-08-12:951.96,2024-07-15,none,"Requested amount: 3104.20. Safe amount available now: 1552.43. The full amount is not safely payable immediately, but a payment plan can complete the purchase. Recommended payment method: installments. Earliest full-payment date: 2024-07-15."
request_125,0.0,affordable_with_plan,full_payment,2025-11-06:6468.00,,none,"Requested amount: 6468.00. Safe amount available now: 0.00. The full amount is not safely payable immediately, but a payment plan can complete the purchase. Recommended payment method: full_payment."
request_126,159600.0,affordable_now,full_payment,2026-07-03:159600.00,2026-07-03,none,Requested amount: 159600.00. Safe amount available now: 159600.00. The full requested amount is affordable now while maintaining the required financial safety buffer. Recommended payment method: full_payment. Earliest full-payment date: 2026-07-03.
request_127,0.0,affordable_with_plan,full_payment,2024-09-05:23980.00,,none,"Requested amount: 23980.00. Safe amount available now: 0.00. The full amount is not safely payable immediately, but a payment plan can complete the purchase. Recommended payment method: full_payment."
request_128,25168.0,affordable_now,full_payment,2025-02-07:25168.00,2025-02-07,none,Requested amount: 25168.00. Safe amount available now: 25168.00. The full requested amount is affordable now while maintaining the required financial safety buffer. Recommended payment method: full_payment. Earliest full-payment date: 2025-02-07.
request_129,156.47,affordable_with_plan,installments,2026-04-04:169.02|2026-05-05:169.02|2026-06-05:169.02|2026-07-06:169.02|2026-08-06:169.02|2026-09-06:169.02|2026-10-07:169.02|2026-11-07:169.02|2026-12-08:169.02|2027-01-08:169.02|2027-02-08:169.02|2027-03-11:169.02|2027-04-11:169.02|2027-05-12:169.02|2027-06-12:169.02|2027-07-13:169.02|2027-08-13:169.02|2027-09-13:-204.54,,none,"Requested amount: 2668.80. Safe amount available now: 156.47. The full amount is not safely payable immediately, but a payment plan can complete the purchase. Recommended payment method: installments."
request_130,606.23,affordable_with_plan,full_payment,2024-12-06:1978.80,2024-12-15,none,"Requested amount: 1978.80. Safe amount available now: 606.23. The full amount is not safely payable immediately, but a payment plan can complete the purchase. Recommended payment method: full_payment. Earliest full-payment date: 2024-12-15."
request_131,1328.89,affordable_with_plan,installments,2025-05-06:643.14|2025-06-03:643.14|2025-07-01:568.92,2025-05-23,none,"Requested amount: 1855.20. Safe amount available now: 1328.89. The full amount is not safely payable immediately, but a payment plan can complete the purchase. Recommended payment method: installments. Earliest full-payment date: 2025-05-23."
request_132,379.86,affordable_now,full_payment,2026-01-05:379.86,2026-01-05,none,Requested amount: 379.86. Safe amount available now: 379.86. The full requested amount is affordable now while maintaining the required financial safety buffer. Recommended payment method: full_payment. Earliest full-payment date: 2026-01-05.
request_133,5459247.94,not_affordable,not_recommended,none,,none,Requested amount: 15770000.00. Safe amount available now: 5459247.94. The request cannot be safely completed within the available financial forecast.
request_134,7369219.37,affordable_with_plan,full_payment,2025-08-04:21831000.00,2025-09-15,none,"Requested amount: 21831000.00. Safe amount available now: 7369219.37. The full amount is not safely payable immediately, but a payment plan can complete the purchase. Recommended payment method: full_payment. Earliest full-payment date: 2025-09-15."
request_135,304.8,affordable_now,full_payment,2026-07-06:304.80,2026-07-06,none,Requested amount: 304.80. Safe amount available now: 304.80. The full requested amount is affordable now while maintaining the required financial safety buffer. Recommended payment method: full_payment. Earliest full-payment date: 2026-07-06.
request_136,560.4,affordable_now,full_payment,2024-06-03:560.40,2024-06-03,none,Requested amount: 560.40. Safe amount available now: 560.40. The full requested amount is affordable now while maintaining the required financial safety buffer. Recommended payment method: full_payment. Earliest full-payment date: 2024-06-03.
request_137,34339.31,affordable_with_plan,full_payment,2025-11-05:80100.00,2025-12-15,none,"Requested amount: 80100.00. Safe amount available now: 34339.31. The full amount is not safely payable immediately, but a payment plan can complete the purchase. Recommended payment method: full_payment. Earliest full-payment date: 2025-12-15."
request_138,995.48,affordable_with_plan,installments,2026-04-07:435.74|2026-05-05:435.74|2026-06-02:385.46,2026-04-15,none,"Requested amount: 1256.94. Safe amount available now: 995.48. The full amount is not safely payable immediately, but a payment plan can complete the purchase. Recommended payment method: installments. Earliest full-payment date: 2026-04-15."
request_139,1571.15,affordable_with_plan,installments,2024-09-07:802.88|2024-10-08:802.88|2024-11-08:710.24,2024-09-15,none,"Requested amount: 2316.00. Safe amount available now: 1571.15. The full amount is not safely payable immediately, but a payment plan can complete the purchase. Recommended payment method: installments. Earliest full-payment date: 2024-09-15."
request_140,0.0,affordable_with_plan,installments,2025-02-20:4607.68|2025-03-22:4607.68|2025-04-21:4607.68|2025-05-21:4607.68|2025-06-20:4607.68|2025-07-20:4607.68|2025-08-19:4607.68|2025-09-18:4607.68|2025-10-18:4607.68|2025-11-17:4607.68|2025-12-17:4607.68|2026-01-16:4607.68|2026-02-15:4607.68|2026-03-17:4607.68|2026-04-16:-1675.52,,none,"Requested amount: 62832.00. Safe amount available now: 0.00. The full amount is not safely payable immediately, but a payment plan can complete the purchase. Recommended payment method: installments."
request_141,35375.64,not_affordable,not_recommended,none,2026-03-15,none,Requested amount: 171600.00. Safe amount available now: 35375.64. The request cannot be safely completed within the available financial forecast. Earliest full-payment date: 2026-03-15.
request_142,1263.6,affordable_now,full_payment,2024-12-05:1263.60,2024-12-05,none,Requested amount: 1263.60. Safe amount available now: 1263.60. The full requested amount is affordable now while maintaining the required financial safety buffer. Recommended payment method: full_payment. Earliest full-payment date: 2024-12-05.
request_143,4906.13,affordable_with_plan,full_payment,2025-05-07:12584.00,2025-06-15,none,"Requested amount: 12584.00. Safe amount available now: 4906.13. The full amount is not safely payable immediately, but a payment plan can complete the purchase. Recommended payment method: full_payment. Earliest full-payment date: 2025-06-15."
request_144,0.0,affordable_with_plan,full_payment,2026-07-04:233.34,,none,"Requested amount: 233.34. Safe amount available now: 0.00. The full amount is not safely payable immediately, but a payment plan can complete the purchase. Recommended payment method: full_payment."
request_145,50114.31,affordable_with_plan,installments,2024-03-20:75365.33|2024-04-20:75365.33|2024-05-21:66669.34,2024-04-15,none,"Requested amount: 217400.00. Safe amount available now: 50114.31. The full amount is not safely payable immediately, but a payment plan can complete the purchase. Recommended payment method: installments. Earliest full-payment date: 2024-04-15."
request_146,27793.49,affordable_with_plan,full_payment,2025-08-03:449400.00,,none,"Requested amount: 449400.00. Safe amount available now: 27793.49. The full amount is not safely payable immediately, but a payment plan can complete the purchase. Recommended payment method: full_payment."
request_147,0.0,affordable_with_plan,installments,2026-04-08:391.63|2026-05-08:391.63|2026-06-07:346.44,,none,"Requested amount: 1129.70. Safe amount available now: 0.00. The full amount is not safely payable immediately, but a payment plan can complete the purchase. Recommended payment method: installments."
request_148,10440.53,affordable_with_plan,installments,2024-06-14:7710.56|2024-07-15:7710.56|2024-08-15:6820.88,2024-06-15,none,"Requested amount: 22242.00. Safe amount available now: 10440.53. The full amount is not safely payable immediately, but a payment plan can complete the purchase. Recommended payment method: installments. Earliest full-payment date: 2024-06-15."
request_149,23529.28,affordable_with_plan,installments,2025-11-18:12706.03|2025-12-16:12706.03|2026-01-13:11239.94,2025-11-15,none,"Requested amount: 36652.00. Safe amount available now: 23529.28. The full amount is not safely payable immediately, but a payment plan can complete the purchase. Recommended payment method: installments. Earliest full-payment date: 2025-11-15."
request_150,405.39,affordable_with_plan,installments,2026-01-06:171.98|2026-02-05:171.98|2026-03-07:152.14,2026-01-15,none,"Requested amount: 496.10. Safe amount available now: 405.39. The full amount is not safely payable immediately, but a payment plan can complete the purchase. Recommended payment method: installments. Earliest full-payment date: 2026-01-15."
request_151,26999000.0,affordable_now,full_payment,2024-09-03:26999000.00,2024-09-03,none,Requested amount: 26999000.00. Safe amount available now: 26999000.00. The full requested amount is affordable now while maintaining the required financial safety buffer. Recommended payment method: full_payment. Earliest full-payment date: 2024-09-03.
request_152,12388.12,affordable_with_plan,installments,2025-02-12:4812.43|2025-03-12:4812.43|2025-04-09:4257.14,2025-02-15,none,"Requested amount: 13882.00. Safe amount available now: 12388.12. The full amount is not safely payable immediately, but a payment plan can complete the purchase. Recommended payment method: installments. Earliest full-payment date: 2025-02-15."
request_153,198.39,affordable_with_plan,full_payment,2026-07-07:2830.80,,none,"Requested amount: 2830.80. Safe amount available now: 198.39. The full amount is not safely payable immediately, but a payment plan can complete the purchase. Recommended payment method: full_payment."
request_154,1625.8,affordable_now,installments,2024-12-04:563.61|2025-01-04:563.61|2025-02-04:498.58,2024-12-04,none,Requested amount: 1625.80. Safe amount available now: 1625.80. The full requested amount is affordable now while maintaining the required financial safety buffer. Recommended payment method: installments. Earliest full-payment date: 2024-12-04.
request_155,69630.8,affordable_with_plan,full_payment,2025-05-06:112500.00,,none,"Requested amount: 112500.00. Safe amount available now: 69630.80. The full amount is not safely payable immediately, but a payment plan can complete the purchase. Recommended payment method: full_payment."
request_156,11401.75,affordable_with_plan,full_payment,2026-04-03:43076.00,2026-05-15,none,"Requested amount: 43076.00. Safe amount available now: 11401.75. The full amount is not safely payable immediately, but a payment plan can complete the purchase. Recommended payment method: full_payment. Earliest full-payment date: 2026-05-15."
request_157,7086103.94,affordable_with_plan,full_payment,2024-03-05:23503000.00,2024-03-15,none,"Requested amount: 23503000.00. Safe amount available now: 7086103.94. The full amount is not safely payable immediately, but a payment plan can complete the purchase. Recommended payment method: full_payment. Earliest full-payment date: 2024-03-15."
request_158,242600.0,affordable_now,installments,2025-08-07:84101.33|2025-09-04:84101.33|2025-10-02:74397.34,2025-08-07,none,Requested amount: 242600.00. Safe amount available now: 242600.00. The full requested amount is affordable now while maintaining the required financial safety buffer. Recommended payment method: installments. Earliest full-payment date: 2025-08-07.
request_159,9405.67,affordable_with_plan,full_payment,2026-01-04:13398.00,,none,"Requested amount: 13398.00. Safe amount available now: 9405.67. The full amount is not safely payable immediately, but a payment plan can complete the purchase. Recommended payment method: full_payment."
request_160,730.61,affordable_with_plan,installments,2024-06-13:432.05|2024-07-14:432.05|2024-08-14:382.20,2024-06-15,none,"Requested amount: 1246.30. Safe amount available now: 730.61. The full amount is not safely payable immediately, but a payment plan can complete the purchase. Recommended payment method: installments. Earliest full-payment date: 2024-06-15."
request_161,0.0,affordable_with_plan,full_payment,2025-11-03:21204000.00,,none,"Requested amount: 21204000.00. Safe amount available now: 0.00. The full amount is not safely payable immediately, but a payment plan can complete the purchase. Recommended payment method: full_payment."
request_162,6344897.6,affordable_with_plan,full_payment,2026-07-05:83923000.00,,none,"Requested amount: 83923000.00. Safe amount available now: 6344897.60. The full amount is not safely payable immediately, but a payment plan can complete the purchase. Recommended payment method: full_payment."
request_163,15004699.66,affordable_with_plan,installments,2024-09-10:6692053.33|2024-10-11:6692053.33|2024-11-11:5919893.34,2024-09-15,none,"Requested amount: 19304000.00. Safe amount available now: 15004699.66. The full amount is not safely payable immediately, but a payment plan can complete the purchase. Recommended payment method: installments. Earliest full-payment date: 2024-09-15."
request_164,27018000.0,affordable_now,installments,2025-02-11:9366240.00|2025-03-11:9366240.00|2025-04-08:8285520.00,2025-02-04,none,Requested amount: 27018000.00. Safe amount available now: 27018000.00. The full requested amount is affordable now while maintaining the required financial safety buffer. Recommended payment method: installments. Earliest full-payment date: 2025-02-04.
request_165,80600.0,affordable_now,full_payment,2026-04-06:80600.00,2026-04-06,none,Requested amount: 80600.00. Safe amount available now: 80600.00. The full requested amount is affordable now while maintaining the required financial safety buffer. Recommended payment method: full_payment. Earliest full-payment date: 2026-04-06.
request_166,2907.6,affordable_now,installments,2024-12-03:1007.97|2025-01-03:1007.97|2025-02-03:891.66,2024-12-03,none,Requested amount: 2907.60. Safe amount available now: 2907.60. The full requested amount is affordable now while maintaining the required financial safety buffer. Recommended payment method: installments. Earliest full-payment date: 2024-12-03.
request_167,43802.0,affordable_now,full_payment,2025-05-05:43802.00,2025-05-05,none,Requested amount: 43802.00. Safe amount available now: 43802.00. The full requested amount is affordable now while maintaining the required financial safety buffer. Recommended payment method: full_payment. Earliest full-payment date: 2025-05-05.
request_168,43422.14,affordable_with_plan,partial_payment,2026-01-07:43422.14|2026-01-15:5957.86,2026-01-15,none,"Requested amount: 49380.00. Safe amount available now: 43422.14. The full amount is not safely payable immediately, but a payment plan can complete the purchase. Recommended payment method: partial_payment. Earliest full-payment date: 2026-01-15."
request_169,9069.3,affordable_with_plan,full_payment,2024-03-04:41976.00,,none,"Requested amount: 41976.00. Safe amount available now: 9069.30. The full amount is not safely payable immediately, but a payment plan can complete the purchase. Recommended payment method: full_payment."
request_170,34482982.15,affordable_with_plan,installments,2025-08-06:12804480.00|2025-09-03:12804480.00|2025-10-01:11327040.00,2025-08-15,none,"Requested amount: 36936000.00. Safe amount available now: 34482982.15. The full amount is not safely payable immediately, but a payment plan can complete the purchase. Recommended payment method: installments. Earliest full-payment date: 2025-08-15."
request_171,111.53,affordable_with_plan,installments,2026-07-10:118.99|2026-08-10:118.99|2026-09-10:118.99|2026-10-11:118.99|2026-11-11:118.99|2026-12-12:118.99|2027-01-12:118.99|2027-02-12:118.99|2027-03-15:118.99|2027-04-15:118.99|2027-05-16:118.99|2027-06-16:118.99|2027-07-17:118.99|2027-08-17:118.99|2027-09-17:118.99|2027-10-18:118.99|2027-11-18:118.99|2027-12-19:-144.03,,none,"Requested amount: 1878.80. Safe amount available now: 111.53. The full amount is not safely payable immediately, but a payment plan can complete the purchase. Recommended payment method: installments."
request_172,10200.0,affordable_now,installments,2024-06-05:5304.00|2024-07-03:4896.00,2024-06-05,none,Requested amount: 10200.00. Safe amount available now: 10200.00. The full requested amount is affordable now while maintaining the required financial safety buffer. Recommended payment method: installments. Earliest full-payment date: 2024-06-05.
request_173,0.0,affordable_with_plan,installments,2025-11-21:39173.33|2025-12-19:39173.33|2026-01-16:34653.34,,none,"Requested amount: 113000.00. Safe amount available now: 0.00. The full amount is not safely payable immediately, but a payment plan can complete the purchase. Recommended payment method: installments."
request_174,1146.2,affordable_now,installments,2026-04-04:397.35|2026-05-04:397.35|2026-06-03:351.50,2026-04-04,none,Requested amount: 1146.20. Safe amount available now: 1146.20. The full requested amount is affordable now while maintaining the required financial safety buffer. Recommended payment method: installments. Earliest full-payment date: 2026-04-04.
request_175,2346.3,affordable_now,full_payment,2024-09-06:2346.30,2024-09-06,none,Requested amount: 2346.30. Safe amount available now: 2346.30. The full requested amount is affordable now while maintaining the required financial safety buffer. Recommended payment method: full_payment. Earliest full-payment date: 2024-09-06.
request_176,340.91,affordable_with_plan,full_payment,2025-02-03:1239.70,,none,"Requested amount: 1239.70. Safe amount available now: 340.91. The full amount is not safely payable immediately, but a payment plan can complete the purchase. Recommended payment method: full_payment."
request_177,1017.6,affordable_now,full_payment,2026-01-05:1017.60,2026-01-05,none,Requested amount: 1017.60. Safe amount available now: 1017.60. The full requested amount is affordable now while maintaining the required financial safety buffer. Recommended payment method: full_payment. Earliest full-payment date: 2026-01-05.
request_178,2938.1,affordable_now,installments,2024-12-07:1018.54|2025-01-07:1018.54|2025-02-07:901.02,2024-12-07,none,Requested amount: 2938.10. Safe amount available now: 2938.10. The full requested amount is affordable now while maintaining the required financial safety buffer. Recommended payment method: installments. Earliest full-payment date: 2024-12-07.
request_179,14551006.09,affordable_with_plan,full_payment,2025-05-04:41648000.00,2025-06-15,none,"Requested amount: 41648000.00. Safe amount available now: 14551006.09. The full amount is not safely payable immediately, but a payment plan can complete the purchase. Recommended payment method: full_payment. Earliest full-payment date: 2025-06-15."
request_180,0.0,affordable_with_plan,full_payment,2026-07-06:66500.00,,none,"Requested amount: 66500.00. Safe amount available now: 0.00. The full amount is not safely payable immediately, but a payment plan can complete the purchase. Recommended payment method: full_payment."
request_181,680.12,affordable_with_plan,full_payment,2024-03-03:5059.20,,none,"Requested amount: 5059.20. Safe amount available now: 680.12. The full amount is not safely payable immediately, but a payment plan can complete the purchase. Recommended payment method: full_payment."
request_182,65714.0,affordable_now,full_payment,2025-08-05:65714.00,2025-08-05,none,Requested amount: 65714.00. Safe amount available now: 65714.00. The full requested amount is affordable now while maintaining the required financial safety buffer. Recommended payment method: full_payment. Earliest full-payment date: 2025-08-05.
request_183,0.0,affordable_with_plan,installments,2026-04-10:9313546.67|2026-05-10:9313546.67|2026-06-09:8238906.66,,none,"Requested amount: 26866000.00. Safe amount available now: 0.00. The full amount is not safely payable immediately, but a payment plan can complete the purchase. Recommended payment method: installments."
request_184,0.0,affordable_with_plan,installments,2024-06-18:14154.38|2024-07-16:14154.38|2024-08-13:14154.38|2024-09-10:14154.38|2024-10-08:14154.38|2024-11-05:14154.38|2024-12-03:14154.38|2024-12-31:14154.38|2025-01-28:14154.38|2025-02-25:14154.38|2025-03-25:14154.38|2025-04-22:14154.38|2025-05-20:14154.38|2025-06-17:14154.38|2025-07-15:14154.38|2025-08-12:14154.38|2025-09-09:14154.38|2025-10-07:14154.38|2025-11-04:14154.38|2025-12-02:14154.38|2025-12-30:-31187.60,,none,"Requested amount: 251900.00. Safe amount available now: 0.00. The full amount is not safely payable immediately, but a payment plan can complete the purchase. Recommended payment method: installments."
request_185,491.59,affordable_with_plan,full_payment,2025-11-06:1257.30,2025-12-15,none,"Requested amount: 1257.30. Safe amount available now: 491.59. The full amount is not safely payable immediately, but a payment plan can complete the purchase. Recommended payment method: full_payment. Earliest full-payment date: 2025-12-15."
request_186,9479.48,affordable_with_plan,full_payment,2026-01-03:26554.00,2026-02-15,none,"Requested amount: 26554.00. Safe amount available now: 9479.48. The full amount is not safely payable immediately, but a payment plan can complete the purchase. Recommended payment method: full_payment. Earliest full-payment date: 2026-02-15."
request_187,45208.7,affordable_with_plan,full_payment,2024-09-05:187500.00,2024-10-15,none,"Requested amount: 187500.00. Safe amount available now: 45208.70. The full amount is not safely payable immediately, but a payment plan can complete the purchase. Recommended payment method: full_payment. Earliest full-payment date: 2024-10-15."
request_188,238.3,affordable_with_plan,full_payment,2025-02-07:2464.00,,none,"Requested amount: 2464.00. Safe amount available now: 238.30. The full amount is not safely payable immediately, but a payment plan can complete the purchase. Recommended payment method: full_payment."
request_189,488.4,affordable_now,full_payment,2026-07-04:488.40,2026-07-04,none,Requested amount: 488.40. Safe amount available now: 488.40. The full requested amount is affordable now while maintaining the required financial safety buffer. Recommended payment method: full_payment. Earliest full-payment date: 2026-07-04.
request_190,741.53,affordable_with_plan,full_payment,2024-12-06:2557.50,2025-01-15,none,"Requested amount: 2557.50. Safe amount available now: 741.53. The full amount is not safely payable immediately, but a payment plan can complete the purchase. Recommended payment method: full_payment. Earliest full-payment date: 2025-01-15."
request_191,664.4,affordable_now,full_payment,2025-05-03:664.40,2025-05-03,none,Requested amount: 664.40. Safe amount available now: 664.40. The full requested amount is affordable now while maintaining the required financial safety buffer. Recommended payment method: full_payment. Earliest full-payment date: 2025-05-03.
request_192,223.15,affordable_with_plan,full_payment,2026-04-05:2046.00,2026-06-15,none,"Requested amount: 2046.00. Safe amount available now: 223.15. The full amount is not safely payable immediately, but a payment plan can complete the purchase. Recommended payment method: full_payment. Earliest full-payment date: 2026-06-15."
request_193,211.41,affordable_with_plan,installments,2024-03-21:420.23|2024-04-21:420.23|2024-05-22:371.74,2024-03-15,none,"Requested amount: 1212.20. Safe amount available now: 211.41. The full amount is not safely payable immediately, but a payment plan can complete the purchase. Recommended payment method: installments. Earliest full-payment date: 2024-03-15."
request_194,47331.77,affordable_with_plan,full_payment,2025-08-04:132800.00,2025-09-23,none,"Requested amount: 132800.00. Safe amount available now: 47331.77. The full amount is not safely payable immediately, but a payment plan can complete the purchase. Recommended payment method: full_payment. Earliest full-payment date: 2025-09-23."
request_195,1030.74,affordable_with_plan,installments,2026-01-09:405.74|2026-02-08:405.74|2026-03-10:358.92,2026-01-15,none,"Requested amount: 1170.40. Safe amount available now: 1030.74. The full amount is not safely payable immediately, but a payment plan can complete the purchase. Recommended payment method: installments. Earliest full-payment date: 2026-01-15."
request_196,762.3,affordable_now,full_payment,2024-06-03:762.30,2024-06-03,none,Requested amount: 762.30. Safe amount available now: 762.30. The full requested amount is affordable now while maintaining the required financial safety buffer. Recommended payment method: full_payment. Earliest full-payment date: 2024-06-03.
request_197,0.0,affordable_with_plan,installments,2025-11-19:17658853.33|2025-12-17:17658853.33|2026-01-14:15621293.34,,none,"Requested amount: 50939000.00. Safe amount available now: 0.00. The full amount is not safely payable immediately, but a payment plan can complete the purchase. Recommended payment method: installments."
request_198,185800.0,affordable_now,full_payment,2026-07-07:185800.00,2026-07-07,none,Requested amount: 185800.00. Safe amount available now: 185800.00. The full requested amount is affordable now while maintaining the required financial safety buffer. Recommended payment method: full_payment. Earliest full-payment date: 2026-07-07.
request_199,23674000.0,affordable_now,installments,2024-09-07:8206986.67|2024-10-08:8206986.67|2024-11-08:7260026.66,2024-09-04,none,Requested amount: 23674000.00. Safe amount available now: 23674000.00. The full requested amount is affordable now while maintaining the required financial safety buffer. Recommended payment method: installments. Earliest full-payment date: 2024-09-04.
request_200,21717000.0,affordable_now,full_payment,2025-02-06:21717000.00,2025-02-06,none,Requested amount: 21717000.00. Safe amount available now: 21717000.00. The full requested amount is affordable now while maintaining the required financial safety buffer. Recommended payment method: full_payment. Earliest full-payment date: 2025-02-06.
request_201,23997000.0,affordable_now,full_payment,2026-04-03:23997000.00,2026-04-03,none,Requested amount: 23997000.00. Safe amount available now: 23997000.00. The full requested amount is affordable now while maintaining the required financial safety buffer. Recommended payment method: full_payment. Earliest full-payment date: 2026-04-03.
request_202,123900.0,affordable_now,full_payment,2024-12-05:123900.00,2024-12-05,none,Requested amount: 123900.00. Safe amount available now: 123900.00. The full requested amount is affordable now while maintaining the required financial safety buffer. Recommended payment method: full_payment. Earliest full-payment date: 2024-12-05.
request_203,1442.1,affordable_now,installments,2025-05-10:499.93|2025-06-07:499.93|2025-07-05:442.24,2025-05-07,none,Requested amount: 1442.10. Safe amount available now: 1442.10. The full requested amount is affordable now while maintaining the required financial safety buffer. Recommended payment method: installments. Earliest full-payment date: 2025-05-07.
request_204,0.0,affordable_with_plan,full_payment,2026-01-04:588.74,,none,"Requested amount: 588.74. Safe amount available now: 0.00. The full amount is not safely payable immediately, but a payment plan can complete the purchase. Recommended payment method: full_payment."
request_205,10621000.0,affordable_now,full_payment,2024-03-06:10621000.00,2024-03-06,none,Requested amount: 10621000.00. Safe amount available now: 10621000.00. The full requested amount is affordable now while maintaining the required financial safety buffer. Recommended payment method: full_payment. Earliest full-payment date: 2024-03-06.
request_206,1404.7,affordable_now,installments,2025-08-03:486.96|2025-08-31:486.96|2025-09-28:430.78,2025-08-03,none,Requested amount: 1404.70. Safe amount available now: 1404.70. The full requested amount is affordable now while maintaining the required financial safety buffer. Recommended payment method: installments. Earliest full-payment date: 2025-08-03.
request_207,6118.18,affordable_with_plan,full_payment,2026-07-05:11830.00,2026-07-15,none,"Requested amount: 11830.00. Safe amount available now: 6118.18. The full amount is not safely payable immediately, but a payment plan can complete the purchase. Recommended payment method: full_payment. Earliest full-payment date: 2026-07-15."
request_208,4413000.0,affordable_now,full_payment,2024-06-07:4413000.00,2024-06-07,none,Requested amount: 4413000.00. Safe amount available now: 4413000.00. The full requested amount is affordable now while maintaining the required financial safety buffer. Recommended payment method: full_payment. Earliest full-payment date: 2024-06-07.
request_209,3108.81,not_affordable,not_recommended,none,,none,Requested amount: 56914.00. Safe amount available now: 3108.81. The request cannot be safely completed within the available financial forecast.
request_210,1099.83,affordable_with_plan,installments,2026-04-06:471.48|2026-05-04:471.48|2026-06-01:417.06,2026-04-15,none,"Requested amount: 1360.02. Safe amount available now: 1099.83. The full amount is not safely payable immediately, but a payment plan can complete the purchase. Recommended payment method: installments. Earliest full-payment date: 2026-04-15."
request_211,579.13,affordable_with_plan,full_payment,2024-09-03:1788.60,2024-09-15,none,"Requested amount: 1788.60. Safe amount available now: 579.13. The full amount is not safely payable immediately, but a payment plan can complete the purchase. Recommended payment method: full_payment. Earliest full-payment date: 2024-09-15."
request_212,7850657.92,affordable_with_plan,full_payment,2025-02-05:71934000.00,,none,"Requested amount: 71934000.00. Safe amount available now: 7850657.92. The full amount is not safely payable immediately, but a payment plan can complete the purchase. Recommended payment method: full_payment."
request_213,3362.4,affordable_now,installments,2026-01-21:1165.63|2026-02-20:1165.63|2026-03-22:1031.14,2026-01-07,none,Requested amount: 3362.40. Safe amount available now: 3362.40. The full requested amount is affordable now while maintaining the required financial safety buffer. Recommended payment method: installments. Earliest full-payment date: 2026-01-07.
request_214,0.0,affordable_with_plan,installments,2024-12-04:36270.00|2025-01-01:33480.00,,none,"Requested amount: 69750.00. Safe amount available now: 0.00. The full amount is not safely payable immediately, but a payment plan can complete the purchase. Recommended payment method: installments."
request_215,29986.0,affordable_now,installments,2025-05-09:10395.15|2025-06-06:10395.15|2025-07-04:9195.70,2025-05-06,none,Requested amount: 29986.00. Safe amount available now: 29986.00. The full requested amount is affordable now while maintaining the required financial safety buffer. Recommended payment method: installments. Earliest full-payment date: 2025-05-06.
request_216,723.76,affordable_with_plan,full_payment,2026-07-03:3332.40,2026-09-15,none,"Requested amount: 3332.40. Safe amount available now: 723.76. The full amount is not safely payable immediately, but a payment plan can complete the purchase. Recommended payment method: full_payment. Earliest full-payment date: 2026-09-15."
request_217,23254.17,affordable_with_plan,installments,2024-03-19:12889.07|2024-04-19:12889.07|2024-05-20:11401.86,2024-04-15,none,"Requested amount: 37180.00. Safe amount available now: 23254.17. The full amount is not safely payable immediately, but a payment plan can complete the purchase. Recommended payment method: installments. Earliest full-payment date: 2024-04-15."
request_218,27571596.03,affordable_with_plan,installments,2025-08-07:21195893.33|2025-09-04:21195893.33|2025-10-02:18750213.34,2025-09-15,none,"Requested amount: 61142000.00. Safe amount available now: 27571596.03. The full amount is not safely payable immediately, but a payment plan can complete the purchase. Recommended payment method: installments. Earliest full-payment date: 2025-09-15."
request_219,0.0,affordable_with_plan,installments,2026-04-07:580.01|2026-05-07:580.01|2026-06-06:513.08,,none,"Requested amount: 1673.10. Safe amount available now: 0.00. The full amount is not safely payable immediately, but a payment plan can complete the purchase. Recommended payment method: installments."
request_220,293.25,affordable_with_plan,installments,2024-06-20:175.23|2024-07-18:175.23|2024-08-15:175.23|2024-09-12:175.23|2024-10-10:175.23|2024-11-07:175.23|2024-12-05:175.23|2025-01-02:175.23|2025-01-30:175.23|2025-02-27:175.23|2025-03-27:175.23|2025-04-24:175.23|2025-05-22:175.23|2025-06-19:175.23|2025-07-17:175.23|2025-08-14:175.23|2025-09-11:175.23|2025-10-09:175.23|2025-11-06:175.23|2025-12-04:175.23|2026-01-01:-386.10,2024-08-15,none,"Requested amount: 3118.50. Safe amount available now: 293.25. The full amount is not safely payable immediately, but a payment plan can complete the purchase. Recommended payment method: installments. Earliest full-payment date: 2024-08-15."
request_221,109800.0,affordable_now,full_payment,2025-11-03:109800.00,2025-11-03,none,Requested amount: 109800.00. Safe amount available now: 109800.00. The full requested amount is affordable now while maintaining the required financial safety buffer. Recommended payment method: full_payment. Earliest full-payment date: 2025-11-03.
request_222,34078.0,affordable_now,full_payment,2026-01-05:34078.00,2026-01-05,none,Requested amount: 34078.00. Safe amount available now: 34078.00. The full requested amount is affordable now while maintaining the required financial safety buffer. Recommended payment method: full_payment. Earliest full-payment date: 2026-01-05.
request_223,898.7,affordable_now,full_payment,2024-09-07:898.70,2024-09-07,none,Requested amount: 898.70. Safe amount available now: 898.70. The full requested amount is affordable now while maintaining the required financial safety buffer. Recommended payment method: full_payment. Earliest full-payment date: 2024-09-07.
request_224,10327000.0,affordable_now,installments,2025-02-04:5370040.00|2025-03-04:4956960.00,2025-02-04,none,Requested amount: 10327000.00. Safe amount available now: 10327000.00. The full requested amount is affordable now while maintaining the required financial safety buffer. Recommended payment method: installments. Earliest full-payment date: 2025-02-04.
request_225,12210856.51,affordable_with_plan,installments,2026-07-20:7647120.00|2026-08-19:7647120.00|2026-09-18:6764760.00,2026-07-15,none,"Requested amount: 22059000.00. Safe amount available now: 12210856.51. The full amount is not safely payable immediately, but a payment plan can complete the purchase. Recommended payment method: installments. Earliest full-payment date: 2026-07-15."
request_226,157000.0,affordable_now,full_payment,2024-12-03:157000.00,2024-12-03,none,Requested amount: 157000.00. Safe amount available now: 157000.00. The full requested amount is affordable now while maintaining the required financial safety buffer. Recommended payment method: full_payment. Earliest full-payment date: 2024-12-03.
request_227,13054.01,not_affordable,not_recommended,none,,none,Requested amount: 259700.00. Safe amount available now: 13054.01. The request cannot be safely completed within the available financial forecast.
request_228,0.0,affordable_with_plan,full_payment,2026-04-07:63327000.00,,none,"Requested amount: 63327000.00. Safe amount available now: 0.00. The full amount is not safely payable immediately, but a payment plan can complete the purchase. Recommended payment method: full_payment."
request_229,632.52,affordable_with_plan,installments,2024-03-18:529.29|2024-04-18:529.29|2024-05-19:468.22,2024-04-15,none,"Requested amount: 1526.80. Safe amount available now: 632.52. The full amount is not safely payable immediately, but a payment plan can complete the purchase. Recommended payment method: installments. Earliest full-payment date: 2024-04-15."
request_230,3537.6,affordable_now,full_payment,2025-08-06:3537.60,2025-08-06,none,Requested amount: 3537.60. Safe amount available now: 3537.60. The full requested amount is affordable now while maintaining the required financial safety buffer. Recommended payment method: full_payment. Earliest full-payment date: 2025-08-06.
request_231,35706.0,affordable_now,installments,2026-01-06:12378.08|2026-02-05:12378.08|2026-03-07:10949.84,2026-01-03,none,Requested amount: 35706.00. Safe amount available now: 35706.00. The full requested amount is affordable now while maintaining the required financial safety buffer. Recommended payment method: installments. Earliest full-payment date: 2026-01-03.
request_232,0.0,affordable_with_plan,full_payment,2024-06-05:1970.10,,none,"Requested amount: 1970.10. Safe amount available now: 0.00. The full amount is not safely payable immediately, but a payment plan can complete the purchase. Recommended payment method: full_payment."
request_233,0.0,affordable_with_plan,installments,2025-11-14:3245320.00|2025-12-15:2995680.00,,none,"Requested amount: 6241000.00. Safe amount available now: 0.00. The full amount is not safely payable immediately, but a payment plan can complete the purchase. Recommended payment method: installments."
request_234,323.85,affordable_with_plan,full_payment,2026-07-04:1213.30,2026-08-15,none,"Requested amount: 1213.30. Safe amount available now: 323.85. The full amount is not safely payable immediately, but a payment plan can complete the purchase. Recommended payment method: full_payment. Earliest full-payment date: 2026-08-15."
request_235,967.2,affordable_now,full_payment,2024-09-06:967.20,2024-09-06,none,Requested amount: 967.20. Safe amount available now: 967.20. The full requested amount is affordable now while maintaining the required financial safety buffer. Recommended payment method: full_payment. Earliest full-payment date: 2024-09-06.
request_236,7216008.61,not_affordable,not_recommended,none,,none,Requested amount: 52383000.00. Safe amount available now: 7216008.61. The request cannot be safely completed within the available financial forecast.
request_237,23826000.0,affordable_now,full_payment,2026-04-05:23826000.00,2026-04-05,none,Requested amount: 23826000.00. Safe amount available now: 23826000.00. The full requested amount is affordable now while maintaining the required financial safety buffer. Recommended payment method: full_payment. Earliest full-payment date: 2026-04-05.
request_238,663.6,affordable_now,installments,2024-12-07:230.05|2025-01-07:230.05|2025-02-07:203.50,2024-12-07,none,Requested amount: 663.60. Safe amount available now: 663.60. The full requested amount is affordable now while maintaining the required financial safety buffer. Recommended payment method: installments. Earliest full-payment date: 2024-12-07.
request_239,0.0,affordable_with_plan,full_payment,2025-05-04:642.00,,none,"Requested amount: 642.00. Safe amount available now: 0.00. The full amount is not safely payable immediately, but a payment plan can complete the purchase. Recommended payment method: full_payment."
request_240,0.0,not_affordable,not_recommended,none,,none,Requested amount: 101200.00. Safe amount available now: 0.00. The request cannot be safely completed within the available financial forecast.
request_241,21052000.0,affordable_now,installments,2024-03-17:7298026.67|2024-04-17:7298026.67|2024-05-18:6455946.66,2024-03-03,none,Requested amount: 21052000.00. Safe amount available now: 21052000.00. The full requested amount is affordable now while maintaining the required financial safety buffer. Recommended payment method: installments. Earliest full-payment date: 2024-03-03.
request_242,0.0,affordable_with_plan,full_payment,2025-08-05:1966.80,,none,"Requested amount: 1966.80. Safe amount available now: 0.00. The full amount is not safely payable immediately, but a payment plan can complete the purchase. Recommended payment method: full_payment."
request_243,17468.0,affordable_now,full_payment,2026-07-07:17468.00,2026-07-07,none,Requested amount: 17468.00. Safe amount available now: 17468.00. The full requested amount is affordable now while maintaining the required financial safety buffer. Recommended payment method: full_payment. Earliest full-payment date: 2026-07-07.
request_244,0.0,affordable_with_plan,full_payment,2024-06-04:49918.00,,none,"Requested amount: 49918.00. Safe amount available now: 0.00. The full amount is not safely payable immediately, but a payment plan can complete the purchase. Recommended payment method: full_payment."
request_245,0.0,affordable_with_plan,full_payment,2025-11-06:128500.00,,none,"Requested amount: 128500.00. Safe amount available now: 0.00. The full amount is not safely payable immediately, but a payment plan can complete the purchase. Recommended payment method: full_payment."
request_246,64086.0,affordable_now,installments,2026-04-03:22216.48|2026-05-03:22216.48|2026-06-02:19653.04,2026-04-03,none,Requested amount: 64086.00. Safe amount available now: 64086.00. The full requested amount is affordable now while maintaining the required financial safety buffer. Recommended payment method: installments. Earliest full-payment date: 2026-04-03.
request_247,1059.3,affordable_now,full_payment,2024-09-05:1059.30,2024-09-05,none,Requested amount: 1059.30. Safe amount available now: 1059.30. The full requested amount is affordable now while maintaining the required financial safety buffer. Recommended payment method: full_payment. Earliest full-payment date: 2024-09-05.
request_248,1027.89,affordable_with_plan,partial_payment,2025-02-07:1027.89|2025-03-15:937.71,2025-03-15,none,"Requested amount: 1965.60. Safe amount available now: 1027.89. The full amount is not safely payable immediately, but a payment plan can complete the purchase. Recommended payment method: partial_payment. Earliest full-payment date: 2025-03-15."
request_249,213.92,affordable_with_plan,full_payment,2026-01-04:643.20,2026-02-15,none,"Requested amount: 643.20. Safe amount available now: 213.92. The full amount is not safely payable immediately, but a payment plan can complete the purchase. Recommended payment method: full_payment. Earliest full-payment date: 2026-02-15."
request_250,17705.54,not_affordable,not_recommended,none,,none,Requested amount: 124278.00. Safe amount available now: 17705.54. The request cannot be safely completed within the available financial forecast.
request_251,1513.6,affordable_now,installments,2025-05-10:111.00|2025-06-09:111.00|2025-07-09:111.00|2025-08-08:111.00|2025-09-07:111.00|2025-10-07:111.00|2025-11-06:111.00|2025-12-06:111.00|2026-01-05:111.00|2026-02-04:111.00|2026-03-06:111.00|2026-04-05:111.00|2026-05-05:111.00|2026-06-04:111.00|2026-07-04:-40.40,2025-05-03,none,Requested amount: 1513.60. Safe amount available now: 1513.60. The full requested amount is affordable now while maintaining the required financial safety buffer. Recommended payment method: installments. Earliest full-payment date: 2025-05-03.
request_252,6885157.1,affordable_with_plan,full_payment,2026-07-05:28082000.00,2026-08-15,none,"Requested amount: 28082000.00. Safe amount available now: 6885157.10. The full amount is not safely payable immediately, but a payment plan can complete the purchase. Recommended payment method: full_payment. Earliest full-payment date: 2026-08-15."
request_253,1826.75,affordable_with_plan,installments,2024-03-21:984.60|2024-04-21:984.60|2024-05-22:871.00,2024-04-15,none,"Requested amount: 2840.20. Safe amount available now: 1826.75. The full amount is not safely payable immediately, but a payment plan can complete the purchase. Recommended payment method: installments. Earliest full-payment date: 2024-04-15."
request_254,824.27,affordable_with_plan,full_payment,2025-08-04:3535.20,2025-09-15,none,"Requested amount: 3535.20. Safe amount available now: 824.27. The full amount is not safely payable immediately, but a payment plan can complete the purchase. Recommended payment method: full_payment. Earliest full-payment date: 2025-09-15."
request_255,3345000.0,affordable_now,full_payment,2026-04-06:3345000.00,2026-04-06,none,Requested amount: 3345000.00. Safe amount available now: 3345000.00. The full requested amount is affordable now while maintaining the required financial safety buffer. Recommended payment method: full_payment. Earliest full-payment date: 2026-04-06.
request_256,0.0,affordable_with_plan,installments,2024-06-10:75816.00|2024-07-11:75816.00|2024-08-11:67068.00,,none,"Requested amount: 218700.00. Safe amount available now: 0.00. The full amount is not safely payable immediately, but a payment plan can complete the purchase. Recommended payment method: installments."
request_257,576.38,affordable_with_plan,full_payment,2025-11-05:1352.40,2025-12-15,none,"Requested amount: 1352.40. Safe amount available now: 576.38. The full amount is not safely payable immediately, but a payment plan can complete the purchase. Recommended payment method: full_payment. Earliest full-payment date: 2025-12-15."
request_258,1113.6,affordable_now,full_payment,2026-01-07:1113.60,2026-01-07,none,Requested amount: 1113.60. Safe amount available now: 1113.60. The full requested amount is affordable now while maintaining the required financial safety buffer. Recommended payment method: full_payment. Earliest full-payment date: 2026-01-07.
request_259,252.06,affordable_with_plan,full_payment,2024-09-04:935.00,2024-10-15,none,"Requested amount: 935.00. Safe amount available now: 252.06. The full amount is not safely payable immediately, but a payment plan can complete the purchase. Recommended payment method: full_payment. Earliest full-payment date: 2024-10-15."
request_260,0.0,not_affordable,not_recommended,none,,none,Requested amount: 52079000.00. Safe amount available now: 0.00. The request cannot be safely completed within the available financial forecast.
request_261,1830.4,affordable_now,full_payment,2026-07-03:1830.40,2026-07-03,none,Requested amount: 1830.40. Safe amount available now: 1830.40. The full requested amount is affordable now while maintaining the required financial safety buffer. Recommended payment method: full_payment. Earliest full-payment date: 2026-07-03.
request_262,9236000.0,affordable_now,full_payment,2024-12-05:9236000.00,2024-12-05,none,Requested amount: 9236000.00. Safe amount available now: 9236000.00. The full requested amount is affordable now while maintaining the required financial safety buffer. Recommended payment method: full_payment. Earliest full-payment date: 2024-12-05.
request_263,0.0,not_affordable,not_recommended,none,,none,Requested amount: 51546.00. Safe amount available now: 0.00. The request cannot be safely completed within the available financial forecast.
request_264,32407.12,affordable_with_plan,full_payment,2026-04-04:111300.00,2026-05-15,none,"Requested amount: 111300.00. Safe amount available now: 32407.12. The full amount is not safely payable immediately, but a payment plan can complete the purchase. Recommended payment method: full_payment. Earliest full-payment date: 2026-05-15."
request_265,45970.0,affordable_now,full_payment,2024-03-06:45970.00,2024-03-06,none,Requested amount: 45970.00. Safe amount available now: 45970.00. The full requested amount is affordable now while maintaining the required financial safety buffer. Recommended payment method: full_payment. Earliest full-payment date: 2024-03-06.
request_266,833.69,affordable_with_plan,installments,2025-08-03:324.13|2025-08-31:324.13|2025-09-28:286.74,2025-08-15,none,"Requested amount: 935.00. Safe amount available now: 833.69. The full amount is not safely payable immediately, but a payment plan can complete the purchase. Recommended payment method: installments. Earliest full-payment date: 2025-08-15."
request_267,1808.5,affordable_with_plan,installments,2026-01-08:667.33|2026-02-07:667.33|2026-03-09:590.34,2026-01-15,none,"Requested amount: 1925.00. Safe amount available now: 1808.50. The full amount is not safely payable immediately, but a payment plan can complete the purchase. Recommended payment method: installments. Earliest full-payment date: 2026-01-15."
request_268,1134.52,affordable_with_plan,installments,2024-06-14:841.22|2024-07-15:841.22|2024-08-15:744.16,2024-07-15,none,"Requested amount: 2426.60. Safe amount available now: 1134.52. The full amount is not safely payable immediately, but a payment plan can complete the purchase. Recommended payment method: installments. Earliest full-payment date: 2024-07-15."
request_269,0.0,affordable_with_plan,full_payment,2025-11-04:15490.00,,none,"Requested amount: 15490.00. Safe amount available now: 0.00. The full amount is not safely payable immediately, but a payment plan can complete the purchase. Recommended payment method: full_payment."
request_270,242.15,affordable_with_plan,installments,2026-07-09:191.82|2026-08-09:191.82|2026-09-09:191.82|2026-10-10:191.82|2026-11-10:191.82|2026-12-11:191.82|2027-01-11:191.82|2027-02-11:191.82|2027-03-14:191.82|2027-04-14:191.82|2027-05-15:191.82|2027-06-15:191.82|2027-07-16:191.82|2027-08-16:191.82|2027-09-16:191.82|2027-10-17:191.82|2027-11-17:191.82|2027-12-18:-232.14,2026-09-15,none,"Requested amount: 3028.80. Safe amount available now: 242.15. The full amount is not safely payable immediately, but a payment plan can complete the purchase. Recommended payment method: installments. Earliest full-payment date: 2026-09-15."
request_271,29291.13,affordable_with_plan,full_payment,2024-09-03:91300.00,2024-10-15,none,"Requested amount: 91300.00. Safe amount available now: 29291.13. The full amount is not safely payable immediately, but a payment plan can complete the purchase. Recommended payment method: full_payment. Earliest full-payment date: 2024-10-15."
request_272,6120821.23,affordable_with_plan,installments,2025-02-12:4709466.67|2025-03-12:4709466.67|2025-04-09:4166066.66,2025-02-15,none,"Requested amount: 13585000.00. Safe amount available now: 6120821.23. The full amount is not safely payable immediately, but a payment plan can complete the purchase. Recommended payment method: installments. Earliest full-payment date: 2025-02-15."
request_273,10838406.07,affordable_with_plan,installments,2026-04-07:5498480.00|2026-05-05:5498480.00|2026-06-02:4864040.00,2026-04-15,none,"Requested amount: 15861000.00. Safe amount available now: 10838406.07. The full amount is not safely payable immediately, but a payment plan can complete the purchase. Recommended payment method: installments. Earliest full-payment date: 2026-04-15."
request_274,2501.7,affordable_with_plan,installments,2024-12-04:940.75|2025-01-04:940.75|2025-02-04:832.20,2024-12-15,none,"Requested amount: 2713.70. Safe amount available now: 2501.70. The full amount is not safely payable immediately, but a payment plan can complete the purchase. Recommended payment method: installments. Earliest full-payment date: 2024-12-15."
request_275,15884000.0,affordable_now,full_payment,2025-05-06:15884000.00,2025-05-06,none,Requested amount: 15884000.00. Safe amount available now: 15884000.00. The full requested amount is affordable now while maintaining the required financial safety buffer. Recommended payment method: full_payment. Earliest full-payment date: 2025-05-06.
