request_id,amount_safe_to_pay_generated,affordability_status_generated,recommended_payment_method_generated,payment_plan_generated,earliest_date_for_full_payment_generated,spending_changes_needed_generated,decision_explanation_generated,user_id,request_date,request_type,requested_amount,desired_completion_date,allows_partial_payment,request_text,amount_safe_to_pay_expected,affordability_status_expected,recommended_payment_method_expected,payment_plan_expected,earliest_date_for_full_payment_expected,spending_changes_needed_expected,decision_explanation_expected
request_01,25256.0,affordable_now,full_payment,2024-03-03:25256.00,2024-03-03,none,Requested amount: 25256.00. Safe amount available now: 25256.00. The full requested amount is affordable now while maintaining the required financial safety buffer. Recommended payment method: full_payment. Earliest full-payment date: 2024-03-03.,user_01,2024-03-03,purchase,25256.0,2024-03-20,True,"Would paying for the laptop today leave enough for my regular expenses? The laptop I'm looking at is ZAR 25,256.",25256.0,affordable_now,full_payment,2024-03-03:25256,2024-03-03,none,"Pay ZAR 25,256 today. This leaves at least ZAR 18,000 available over the next 90 days."
request_02,21352091.16,affordable_with_plan,installments,2025-08-08:15952906.67|2025-09-07:15952906.67|2025-10-07:14112186.66,2025-08-15,none,"Requested amount: 46018000.00. Safe amount available now: 21352091.16. The full amount is not safely payable immediately, but a payment plan can complete the purchase. Recommended payment method: installments. Earliest full-payment date: 2025-08-15.",user_02,2025-08-05,travel,46018000.0,2025-10-10,False,"The current quote for the trip is IDR 46,018,000. I need to complete it by 10 October 2025. Can I afford the full trip without putting upcoming bills at risk?",17229139.2,affordable_with_plan,installments,2025-08-08:15952906.67|2025-09-07:15952906.67|2025-10-07:15952906.67,2025-09-15,none,"Use 3 installments of IDR 15,952,906.67, starting 8 August 2025. This leaves at least IDR 29,158,400 available."
request_03,1325160.16,affordable_with_plan,full_payment,2019-09-03:5491000.00,2019-09-15,none,"Requested amount: 5491000.00. Safe amount available now: 1325160.16. The full amount is not safely payable immediately, but a payment plan can complete the purchase. Recommended payment method: full_payment. Earliest full-payment date: 2019-09-15.",user_03,2019-09-03,education,5491000.0,2019-11-15,False,"Should I pay for the course now, use installments, or wait? I need to decide by 15 November 2019. The course I want to take is IDR 5,491,000.",873000.0,affordable_later,wait,2019-11-15:5491000,2019-11-15,none,"Pay IDR 5,491,000 in full on 15 November 2019. Paying earlier would take the balance below the IDR 2,668,700 minimum."
request_04,12693000.0,affordable_now,full_payment,2024-06-04:12693000.00,2024-06-04,none,Requested amount: 12693000.00. Safe amount available now: 12693000.00. The full requested amount is affordable now while maintaining the required financial safety buffer. Recommended payment method: full_payment. Earliest full-payment date: 2024-06-04.,user_04,2024-06-04,family_transfer,12693000.0,2024-06-19,True,"The amount I want to send is IDR 12,693,000. Would sending the money now leave enough for my upcoming expenses?",8401800.0,affordable_later,wait,2024-06-15:12693000,2024-06-15,none,"Wait until 15 June 2024, then pay IDR 12,693,000 in full. Paying sooner would put the IDR 30,686,600 minimum at risk."
request_05,15488.0,affordable_now,full_payment,2025-11-06:15488.00,2025-11-06,none,Requested amount: 15488.00. Safe amount available now: 15488.00. The full requested amount is affordable now while maintaining the required financial safety buffer. Recommended payment method: full_payment. Earliest full-payment date: 2025-11-06.,user_05,2025-11-06,debt_repayment,15488.0,2026-01-12,False,"Can I clear this additional amount without putting upcoming bills at risk? The extra repayment I'm considering is ZAR 15,488.",737.0,not_affordable,not_recommended,none,,none,"Do not make this payment by 12 January 2026. None of the available options keeps the ZAR 13,100 minimum protected."
request_06,620.4,affordable_now,full_payment,2026-01-03:620.40,2026-01-03,none,Requested amount: 620.40. Safe amount available now: 620.40. The full requested amount is affordable now while maintaining the required financial safety buffer. Recommended payment method: full_payment. Earliest full-payment date: 2026-01-03.,user_06,2026-01-03,investment,620.4,2026-01-14,False,"I want to put EUR 620.40 into an investment. I need to complete it by 14 January 2026. Is it safer to invest now, invest a smaller amount, or wait?",603.3,affordable_with_plan,full_payment,2026-01-03:620.40,2026-01-15,stop:event_476,"Stop the family streaming plan, then pay EUR 620.40 today. This leaves at least EUR 800 available."
request_07,103080.99,affordable_with_plan,installments,2024-09-12:68432.00|2024-10-10:68432.00|2024-11-07:60536.00,2024-09-23,none,"Requested amount: 197400.00. Safe amount available now: 103080.99. The full amount is not safely payable immediately, but a payment plan can complete the purchase. Recommended payment method: installments. Earliest full-payment date: 2024-09-23.",user_07,2024-09-05,housing,197400.0,2024-11-14,True,"How much of the rental deposit can I safely pay today? I need to decide by 14 November 2024. The rental deposit is INR 197,400.",87170.56,affordable_with_plan,installments,2024-09-12:68432|2024-10-10:68432|2024-11-07:68432,2024-10-23,none,"Use 3 installments of INR 68,432, starting 12 September 2024. This leaves at least INR 93,000 available."
request_08,293.61,affordable_with_plan,full_payment,2025-02-07:996.60,2025-02-15,none,"Requested amount: 996.60. Safe amount available now: 293.61. The full amount is not safely payable immediately, but a payment plan can complete the purchase. Recommended payment method: full_payment. Earliest full-payment date: 2025-02-15.",user_08,2025-02-07,emergency_expense,996.6,2025-04-15,False,The repair I need is priced at EUR 996.60. Can I cover the full repair now and still manage my essential expenses?,284.57,affordable_later,wait,2025-04-15:996.60,2025-04-15,none,Pay EUR 996.60 in full on 15 April 2025. Paying earlier would take the balance below the EUR 800 minimum.
request_09,166.61,affordable_now,full_payment,2026-07-04:166.61,2026-07-04,none,Requested amount: 166.61. Safe amount available now: 166.61. The full requested amount is affordable now while maintaining the required financial safety buffer. Recommended payment method: full_payment. Earliest full-payment date: 2026-07-04.,user_09,2026-07-04,other,166.61,2026-07-23,True,"Is the full membership fee affordable today, or should I wait? The annual membership costs EUR 166.61.",166.61,affordable_now,full_payment,2026-07-04:166.61,2026-07-04,none,Pay EUR 166.61 today. This keeps the EUR 600 minimum available over the next 90 days.
request_10,176141.74,affordable_with_plan,installments,2024-12-13:19558.00|2025-01-12:19558.00|2025-02-11:19558.00|2025-03-13:19558.00|2025-04-12:19558.00|2025-05-12:19558.00|2025-06-11:19558.00|2025-07-11:19558.00|2025-08-10:19558.00|2025-09-09:19558.00|2025-10-09:19558.00|2025-11-08:19558.00|2025-12-08:19558.00|2026-01-07:19558.00|2026-02-06:-7112.00,2024-12-06,none,"Requested amount: 266700.00. Safe amount available now: 176141.74. The full amount is not safely payable immediately, but a payment plan can complete the purchase. Recommended payment method: installments. Earliest full-payment date: 2024-12-06.",user_10,2024-12-06,purchase,266700.0,2025-02-10,True,"The price of the laptop is INR 266,700. I need to complete it by 10 February 2025. How much of the laptop price can I safely cover today?",12700.0,not_affordable,not_recommended,none,,none,"Do not make this payment by 10 February 2025. None of the available options keeps the INR 225,400 minimum protected."
request_11,13110000.0,affordable_now,full_payment,2025-05-03:13110000.00,2025-05-03,none,Requested amount: 13110000.00. Safe amount available now: 13110000.00. The full requested amount is affordable now while maintaining the required financial safety buffer. Recommended payment method: full_payment. Earliest full-payment date: 2025-05-03.,user_11,2025-05-03,travel,13110000.0,2025-06-12,False,"Does paying for the trip now leave enough for the rest of the month? I need to decide by 12 June 2025. I'm planning a family trip that costs IDR 13,110,000.",12510645.0,affordable_with_plan,full_payment,2025-05-03:13110000,2025-07-15,reduce_to:event_989:665950,"Reduce the weekend food delivery to IDR 665,950, then pay IDR 13,110,000 today. This leaves at least IDR 34,140,600 available."
request_12,65164.0,affordable_now,installments,2026-04-19:22590.19|2026-05-20:22590.19|2026-06-20:19983.62,2026-04-05,none,Requested amount: 65164.00. Safe amount available now: 65164.00. The full requested amount is affordable now while maintaining the required financial safety buffer. Recommended payment method: installments. Earliest full-payment date: 2026-04-05.,user_12,2026-04-05,education,65164.0,2026-06-20,False,"The professional course costs ZAR 65,164. Can I pay for the course before enrolment closes?",65164.0,affordable_with_plan,installments,2026-04-19:22590.19|2026-05-20:22590.19|2026-06-20:22590.19,2026-04-05,none,"Use 3 installments of ZAR 22,590.19, starting 19 April 2026. This leaves at least ZAR 43,200 available."
request_13,941.6,affordable_now,full_payment,2024-03-07:941.60,2024-03-07,none,Requested amount: 941.60. Safe amount available now: 941.60. The full requested amount is affordable now while maintaining the required financial safety buffer. Recommended payment method: full_payment. Earliest full-payment date: 2024-03-07.,user_13,2024-03-07,family_transfer,941.6,2024-05-15,True,Can I complete this family transfer and still keep my minimum balance? I want to send EUR 941.60 to my family.,433.4,affordable_later,wait,2024-05-15:941.60,2024-05-15,none,"Pay EUR 941.60 in full on 15 May 2024. Paying earlier would take the balance below the EUR 1,300 minimum."
request_14,0.0,not_affordable,not_recommended,none,,none,Requested amount: 5414.20. Safe amount available now: 0.00. The request cannot be safely completed within the available financial forecast.,user_14,2025-08-04,debt_repayment,5414.2,2025-10-04,True,"I'm planning an extra loan payment of EUR 5,414.20. I need to complete it by 4 October 2025. Would paying this much toward the loan leave enough for the rest of the month?",597.74,not_affordable,not_recommended,none,,none,"Do not proceed with the EUR 5,414.20 request. Although EUR 597.74 is available today, the full amount cannot be completed safely within 90 days."
request_15,0.0,not_affordable,not_recommended,none,,none,Requested amount: 3685.00. Safe amount available now: 0.00. The request cannot be safely completed within the available financial forecast.,user_15,2026-01-06,investment,3685.0,2026-02-01,False,"How much can I invest now without affecting essential payments? I need to decide by 1 February 2026. I have an opportunity to invest EUR 3,685.",83.05,not_affordable,not_recommended,none,,none,"Do not make this payment by 1 February 2026. None of the available options keeps the EUR 1,200 minimum protected."
request_16,122500.0,affordable_now,full_payment,2023-08-12:122500.00,2023-08-12,none,Requested amount: 122500.00. Safe amount available now: 122500.00. The full requested amount is affordable now while maintaining the required financial safety buffer. Recommended payment method: full_payment. Earliest full-payment date: 2023-08-12.,user_16,2023-08-12,housing,122500.0,2023-10-11,True,"The landlord has asked for a deposit of INR 122,500. Can I pay the rental deposit by the requested date?",122500.0,affordable_now,full_payment,2023-08-12:122500,2023-08-12,none,"Pay INR 122,500 today. This leaves at least INR 122,400 available over the next 90 days."
request_17,274600.0,affordable_now,installments,2026-03-01:95194.67|2026-03-31:95194.67|2026-04-30:84210.66,2026-03-01,none,Requested amount: 274600.00. Safe amount available now: 274600.00. The full requested amount is affordable now while maintaining the required financial safety buffer. Recommended payment method: installments. Earliest full-payment date: 2026-03-01.,user_17,2026-03-01,emergency_expense,274600.0,2026-05-04,False,"What is the most I can put toward this repair right now? The latest estimate for the repair is INR 274,600.",243849.58,affordable_with_plan,installments,2026-03-01:95194.67|2026-03-31:95194.67|2026-04-30:95194.67,2026-03-15,none,"Use 3 installments of INR 95,194.67, starting 1 March 2026. This leaves at least INR 166,100 available."
request_18,694.61,affordable_with_plan,full_payment,2026-07-07:3246.10,2026-08-15,none,"Requested amount: 3246.10. Safe amount available now: 694.61. The full amount is not safely payable immediately, but a payment plan can complete the purchase. Recommended payment method: full_payment. Earliest full-payment date: 2026-08-15.",user_18,2026-07-07,other,3246.1,2026-09-15,False,"The annual plan comes to EUR 3,246.10. I need to complete it by 15 September 2026. Can I take the membership and still keep my minimum balance intact?",462.0,affordable_later,wait,2026-09-15:3246.10,2026-09-15,none,"Pay EUR 3,246.10 in full on 15 September 2026. Paying earlier would take the balance below the EUR 1,400 minimum."
request_19,38194.33,affordable_with_plan,installments,2024-09-04:20623.20|2024-10-02:19036.80,2024-09-04,none,"Requested amount: 39660.00. Safe amount available now: 38194.33. The full amount is not safely payable immediately, but a payment plan can complete the purchase. Recommended payment method: installments. Earliest full-payment date: 2024-09-04.",user_19,2024-09-04,purchase,39660.0,2024-10-04,True,"Can I buy the laptop now without making next month's bills tight? I need to decide by 4 October 2024. I've been quoted INR 39,660 for the laptop.",28820.0,affordable_with_plan,partial_payment,2024-09-04:28820|2024-09-15:10840,2024-09-15,none,"Pay INR 28,820 today and the remaining INR 10,840 on 15 September 2024. This completes the full request and keeps the INR 92,800 minimum protected."
request_20,15782.57,affordable_with_plan,full_payment,2026-02-07:303700.00,,none,"Requested amount: 303700.00. Safe amount available now: 15782.57. The full amount is not safely payable immediately, but a payment plan can complete the purchase. Recommended payment method: full_payment.",user_20,2026-02-07,travel,303700.0,2026-02-22,False,"I can book the family trip for INR 303,700. Would it be safer to book the trip now or wait until more money comes in?",5400.0,not_affordable,not_recommended,none,,none,"Do not make this payment by 22 February 2026. None of the available options keeps the INR 64,500 minimum protected."
request_21,1574.4,affordable_now,full_payment,2026-04-03:1574.40,2026-04-03,none,Requested amount: 1574.40. Safe amount available now: 1574.40. The full requested amount is affordable now while maintaining the required financial safety buffer. Recommended payment method: full_payment. Earliest full-payment date: 2026-04-03.,user_21,2026-04-03,education,1574.4,2026-04-14,False,"Is it safe to cover the full course fee by the deadline? Enrolment for the course comes to USD 1,574.40.",1543.35,affordable_with_plan,full_payment,2026-04-03:1574.40,2026-04-15,stop:event_1815|reduce_to:event_1816:23.50,"Stop the online backup subscription and reduce the streaming subscription to USD 23.50, then pay USD 1,574.40 today. This leaves at least USD 1,800 available."
request_22,534.12,affordable_with_plan,installments,2024-12-08:253.59|2025-01-05:253.59|2025-02-02:224.32,2024-12-15,none,"Requested amount: 731.50. Safe amount available now: 534.12. The full amount is not safely payable immediately, but a payment plan can complete the purchase. Recommended payment method: installments. Earliest full-payment date: 2024-12-15.",user_22,2024-12-05,family_transfer,731.5,2025-02-10,True,The transfer I have in mind is EUR 731.50. I need to complete it by 10 February 2025. Can I make the full transfer without falling short on my own bills?,475.46,affordable_with_plan,installments,2024-12-08:253.59|2025-01-05:253.59|2025-02-02:253.59,2025-01-15,none,"Use 3 installments of EUR 253.59, starting 8 December 2024. This leaves at least EUR 500 available."
request_23,11917.43,affordable_with_plan,full_payment,2025-05-07:38016.00,2025-05-15,none,"Requested amount: 38016.00. Safe amount available now: 11917.43. The full amount is not safely payable immediately, but a payment plan can complete the purchase. Recommended payment method: full_payment. Earliest full-payment date: 2025-05-15.",user_23,2025-05-07,debt_repayment,38016.0,2025-07-15,False,"How much extra can I put toward the loan today? I need to decide by 15 July 2025. The additional loan payment would be ZAR 38,016.",9152.0,affordable_later,wait,2025-07-15:38016,2025-07-15,none,"Pay ZAR 38,016 in full on 15 July 2025. Paying earlier would take the balance below the ZAR 27,000 minimum."
request_24,18857.8,not_affordable,not_recommended,none,2026-03-15,none,Requested amount: 109600.00. Safe amount available now: 18857.80. The request cannot be safely completed within the available financial forecast. Earliest full-payment date: 2026-03-15.,user_24,2026-01-04,investment,109600.0,2026-02-08,True,"I'm considering setting aside INR 109,600 for an investment. Would investing this amount leave my upcoming bills covered?",13420.0,not_affordable,not_recommended,none,,none,"Do not proceed with the INR 109,600 request. Although INR 13,420 is available today, the full amount cannot be completed safely within 90 days."
request_25,0.0,affordable_with_plan,full_payment,2024-03-06:60496000.00,,none,"Requested amount: 60496000.00. Safe amount available now: 0.00. The full amount is not safely payable immediately, but a payment plan can complete the purchase. Recommended payment method: full_payment.",user_25,2024-03-06,housing,60496000.0,2024-04-17,True,"Is the deposit affordable now, or do I need more time? I need IDR 60,496,000 for the rental deposit.",1425000.0,not_affordable,not_recommended,none,,none,"Do not make this payment by 17 April 2024. None of the available options keeps the IDR 23,379,100 minimum protected."
